"Los Angeles, CA","Los Angeles, CA1","San Francisco, CA","San Francisco, CA1","Washington, DC","Washington, DC1","Chicago, IL","Chicago, IL1","Boston, MA","Boston, MA1","Bronx, NY","Bronx, NY1","Brooklyn, NY","Brooklyn, NY1","Manhattan, NY","Manhattan, NY1","Queens, NY","Queens, NY1","Staten Island, NY","Staten Island, NY1","Philadelphia, PA","Philadelphia, PA1","Seattle, WA","Seattle, WA1"
Adams Normandie,Little Tokyo,Alamo Square,Mount Davidson Manor,Adams Morgan,Georgetown,Albany Park,Marquette Park,Allston/Brighton,Harvard Square,Baychester,Morrisania,Bath Beach,Flatbush,Alphabet City,Little Italy,Arverne,Holliswood,Annadale,Midland Beach,Andorra,Logan Square,Admiral,Licton Springs
Alhambra,Los Feliz,Anza Vista,NoPa,American University Park,Glover Park,Andersonville,McKinley Park,Arlington Center,Huron Village,Bedford Park,Mott Haven,Bay Ridge,Flatlands,Battery Park,Lower East Side,Astoria,Howard Beach,Arden Heights,New Brighton,Angora,Manayunk,Alki,Lower Queen Anne
Arleta,Manchester Square,Ashbury Heights,Nob Hill,Anacostia,H Street Corridor/Atlas District/Near Northeast,Archer Heights,Montclare,Arlington Heights,Hyde Park,Belmont,Mount Eden,Bedford Stuyvesant,Fort Greene,Central Park,Manhattan Valley,Astoria Heights,Hunters Point,Arlington,New Dorp,Art Museum District,Mantua,Arbor Heights,Loyal Heights
Arlington Heights,Manhattan Beach,Balboa Terrace,Noe Valley,Barney Circle,Hillcrest,Ashburn,Morgan Park,Back Bay,Inman Square,Castle Hill,Mount Hope,Bensonhurst,Fort Hamilton,Chelsea,Marble Hill,Auburndale,JFK Airport,Arrochar,New Dorp Beach,Avenue of the Arts North,Market East,Atlantic,Madison Park
Arts District,Mar Vista,Bayview-Hunters Point,North Beach/Telegraph Hill,Barry Farm,Ivy City,Auburn Gresham,Mount Greenwood,Beacon Hill,Jamaica Plain,City Island,North Riverdale,Bergen Beach,Georgetown,Chinatown,Meatpacking District,Bay Terrace,Jackson Heights,Bay Terrace,New Springville,Avenue of the Arts South,Mayfair,Ballard,Madison Valley
Athens,Marina del Rey,Bernal Heights,Oceanview,Bloomingdale,Kalorama,Austin,Near North Side,Brookline Village,Kendall Square/MIT,Claremont Village,Norwood,Boerum Hill,Gerritson Beach,Civic Center,Midtown East,Bayside,Jamaica,Bloomfield,Oakwood,Bella Vista,Mill Creek,Beacon Hill,Madrona
Atwater Village,Mid-City,Castro,Outer Mission,Brentwood,Kingman Park,Avalon Park,Near Southside,Central Square,Leather District,Clason Point,Olinville,Borough Park,Gowanus,East Harlem,Midtown West,Beechurst,Jamaica Estates,Bullshead,Old Town,Brewerytown,Morrell Park,Belltown,Magnolia
Baldwin Hills/Crenshaw,Mid-Wilshire,Chinatown,Outer Richmond,Brightwood,Langdon Park,Avondale,Near West Side,Charlestown,Mattapan,Co-op City,Parkchester,Brighton Beach,Gravesend,East Village,Morningside Heights,Bellaire,Jamaica Hills,Castleton Corners,Park Hill,Bridesburg,Mount Airy,Bitter Lake,Mapleleaf
Bel Air,Mission Hills,Civic Center,Outer Sunset,Brookland,Le Droit Park,Back of the Yards,New City,Chinatown,Mattapan Square,Concourse,Pelham Bay,Brooklyn Heights,Greenpoint,Financial District,Murray Hill,Belle Harbor,Kew Gardens,Charleston,Pleasant Plains,Burholme,Newbold,Blue Ridge,Montlake
Beverly Crest,Montecito Heights,Cole Valley,Pacific Heights,Burleith,Lincoln Park,Belmont Central,Noble Square,Coolidge Corner,Mission Hill,Concourse Village,Pelham Gardens,Brownsville,Highland Park,Flatiron,NoHo,Bellerose,Kew Gardens Hills,Chelsea,Port Richmond,Bustleton,Northern Liberties,Brighton,Mount Baker
Beverly Grove,Mount Washington,Corona Heights,Parkmerced,Capitol Hill,Logan Circle,Beverly,North Center,Davis Square,North Cambridge,Country Club,Port Morris,Bushwick,Kensington,Gramercy,Nolita,Breezy Point,LaGuardia Airport,Clifton,Princes Bay,Byberry,Old City,Broadview,North Beach
Beverly Hills,North Hills,Crocker-Amazon,Parkside,Carver/Langston,Michigan Park,Brainerd,North Park,Dorchester,North End,East Tremont,Riverdale,Canarsie,Manhattan Beach,Greenwich Village,Roosevelt Island,Briarwood,Laurelton,Concord,Randall Manor,Callowhill,Olde Kensington,Bryant,Northgate
Beverlywood,North Hollywood,Diamond Heights,Portola,Chevy Chase,Mount Pleasant,Bridgeport,Norwood Park,Downtown,Porter Square,Eastchester,Schuylerville,Carroll Gardens,Marine Park,Harlem,SoHo,Cambria Heights,Lindenwood,Dongan Hills,Richmond Town,Cedar Park,Olney,Capitol Hill,Olympic Hills
Boyle Heights,Northridge,Dogpatch,Potrero Hill,Chinatown,Mount Vernon Square,Brighton Park,O'Hare,Dudley Square,Roslindale,Edenwald,Soundview,City Line,Midwood,Hell's Kitchen,South Street Seaport,College Point,Little Neck,Elm Park,Richmond Valley,Cedarbrook,Parkwood,Central District,Olympic Manor
Brentwood,Pacific Palisades,Duboce Triangle,Presidio,Cleveland Park,Navy Yard,Bronzeville,Oakland,East Arlington,Roslindale Village,Edgewater Park,Spuyten Duyvil,Clinton Hill,Mill Basin,Inwood,South Village,Corona,Long Island City,Eltingville,Rosebank,Chestnut Hill,Passyunk Square,Columbia City,Phinney Ridge
Broadway-Manchester,Pacoima,Embarcadero,Presidio Heights,Columbia Heights,NoMa,Bucktown,Old Town,East Boston,South Boston,Fieldston,Throgs Neck,Cobble Hill,Mill Island,Kips Bay,Stuyvesant Town,Douglaston,Malba,Emerson Hill,Rossville,Chinatown,Penn Center,Cottage Grove,Pigeon Point
Burbank,Palms,Excelsior,Russian Hill,Crestwood,Palisades,Burnside,Pilsen,East Cambridge,South End,Fordham,Unionport,Columbia Street Waterfront District,New Lots,Koreatown,Theater District,Downtown Flushing,Maspeth,Graniteville,Shore Acres,East Falls,Penn's Landing,Crown Hill,Pinehurst
Canoga Park,Panorama City,Fillmore,Sea Cliff,Deanwood,Park View,Cabrini-Green,Portage Park,Egleston Square,Teele Square,High Bridge,University Heights,Coney Island,Ocean Hill,,TriBeCa,East Elmhurst,Middle Village,Grant City,Silver Lake,East Passyunk Ave,Pennsport,Denny Triangle,Pioneer Square
Carthay,Pasadena,Financial District,Sherwood Forest,Dupont Circle,Penn Quarter,Calumet Heights,Printer's Row,Fenway,Uphams Corner,Hunts Point,Van Nest,Crown Heights,Ocean Parkway,,Two Bridges,Edgemere,Murray Hill,Grasmere,St. George,East Passyunk Crossing,Point Breeze,Denny-Blaine,Portage Bay
Central Alameda,Pico-Robertson,Fisherman's Wharf,SoMa,Eckington,Petworth,Canaryville,Pullman,Fields Corner,Waterfront,Kingsbridge,Wakefield,Cypress Hills,Paedergat Basin,,Union Square,Elmhurst,North Corona,Great Kills,Stapleton,Elfreth's Alley,Port Richmond,Downtown,Queen Anne
Century City,Pico-Union,Forest Hill,South Beach,Edgewood,Pleasant Plains,Chatham,Ravenswood,Financial District,West End,Longwood,West Farms,DUMBO,Park Slope,,Upper East Side,Far Rockaway,Oakland Gardens,Grymes Hill,Sunnyside,Fairmount,Powelton Village,Eastlake,Rainier Beach
Chatsworth,Playa Vista,Glen Park,St Francis Wood,Federal Triangle,Queens Chapel,Chicago Lawn,River East,,West Roxbury,Melrose,Westchester Square,Ditmas Park,Prospect Heights,,Upper West Side,Floral Park,Ozone Park,Heartland Village,Todt Hill,Fishtown,Queen Village,Fairmount Park,Ravenna
Chesterfield Square,Playa del Rey,Hayes Valley,Stonestown,Foggy Bottom,Shaw,Chinatown,River North,,West Roxbury Center,Morris Heights,Williamsbridge,Downtown Brooklyn,Prospect Lefferts Gardens,,Washington Heights,Flushing,Pomonok,Howland Hook,Tompkinsville,Fitler Square,Rhawnhurst,Fauntleroy,Riverview
Cheviot Hills,Porter Ranch,Ingleside,Sunnyside,Fort Totten,Shepherd Park,Clearing,River West,,Winthrop,Morris Park,Woodlawn,Dyker Heights,Prospect Park,,West Village,Flushing Meadows,Queens Village,Huguenot,Tottenville,Fox Chase,Rittenhouse Square,First Hill,Roosevelt
Chinatown,Rancho Park,Ingleside Heights,Tenderloin,Foxhall,Southeast,Cragin,Riverdale,,,,,East Flatbush,Red Hook,,Yorkville,Forest Hills,Queensborough Hill,Lighthouse Hill,West Brighton,Francisville,Roxborough,Fremont,Roxhill
Culver City,Redondo Beach,Ingleside Terraces,The Haight,Friendship Heights,Spring Valley,DePaul,Rogers Park,,,,,East New York,Remsen Village,,,Fresh Meadows,Rego Park,Mariner,Westerleigh,Frankford,Saunders Park,Gatewood,Sand Point
Cypress Park,Reseda,Inner Richmond,Twin Peaks,Gateway,Takoma,Douglas,Roscoe Village,,,,,East Williamsburg,Sea Gate,,,Glen Oaks,Richmond Hill,,Woodrow,Franklintown,Society Hill,Genesee,Seaview
Del Rey,San Fernando,Inner Sunset,Union Square,,Tenleytown,Dunning,Roseland,,,,,,Sheepshead Bay,,,Glendale,Ridgewood,,,Garden Court,Somerton,Georgetown,Seward Park
Downtown,San Pedro,Japantown,Visitacion Valley,,Trinidad,East Garfield Park,Sauganash,,,,,,South Slope,,,Hillcrest,Rochdale,,,Germantown,South Street District,Greenlake,Shorewood
Eagle Rock,Santa Monica,Lakeshore,West Portal,,U Street Corridor,East Side,Scottsdale,,,,,,South Williamsburg,,,Hollis,Rockaway Park,,,Girard Estate,Spring Garden,Greenwood,Snake Hill
East Hollywood,Sawtelle,Lakeside,Western Addition,,Van Ness/Forest Hills,Edgewater,South Chicago,,,,,,Spring Creek,,,,Rosedale,,,Graduate Hospital,Spruce Hill,Haller Lake,SoDo
East Los Angeles,Sepulveda Basin,Laurel Heights,Westwood Highlands,,Wesley Heights,Edison Park,South Deering,,,,,,Starret City,,,,Seaside,,,Grays Ferry,Tacony,Hawthorne Hills,South Lake Union
Echo Park,Shadow Hills,Lower Haight,Westwood Park,,West End,Englewood,South Loop,,,,,,Sunset Park,,,,Somerville,,,Haddington,Templetown,High Point,South Park
El Segundo,Sherman Oaks,Lower Nob Hill,,,Woodley Park,Forest Glen,South Shore,,,,,,Vinegar Hill,,,,Springfield Gardens,,,Italian Market,Torresdale,Highland Park,Sunset Hill
El Sereno,Silver Lake,Lower Pacific Heights,,,,Fulton Market,Streeterville,,,,,,Weeksville,,,,Steinway,,,Jewelers' Row,University City,Hillman City,University District
Elysian Park,South Park,Marina/Cow Hollow,,,,Gage Park,The Loop,,,,,,Williamsburg - North Side,,,,Sunnyside,,,Juniata,Walnut Hill,Industrial District,Victory Heights
Encino,South Pasadena,Merced Heights,,,,Galewood,Tri-Taylor,,,,,,Williamsburg - South Side,,,,Utopia,,,Kensington,Washington Square West,Interbay,View Ridge
Exposition Park,Studio City,Merced Manor,,,,Garfield Ridge,Ukrainian Village,,,,,,Windsor Terrace,,,,Whitestone,,,Logan,West Oak Lane,International District,Wallingford
Fairfax,Sun Valley,Miraloma Park,,,,Gold Coast,University Village,,,,,,Wingate,,,,Woodhaven,,,,Wynnefield,Junction,Washington Park
Florence,Sunland,Mission,,,,Goose Island,Uptown,,,,,,,,,,Woodside,,,,,Laurelhurst,Waterfront
Florence-Firestone,Sylmar,Mission Bay,,,,Grand Boulevard,Washington Heights,,,,,,,,,,,,,,,Leschi,Wedgwood
Glassell Park,Tarzana,Mission Terrace,,,,Greater Grand Crossing,Washington Park,,,,,,,,,,,,,,,,Westlake
Glendale,Terminal Island,Monterey Heights,,,,Greektown,West Elsdon,,,,,,,,,,,,,,,,Westwood
Gramercy Park,Toluca Lake,,,,,Hegewisch,West Englewood,,,,,,,,,,,,,,,,White Center
Granada Hills,Torrance,,,,,Hermosa,West Garfield Park,,,,,,,,,,,,,,,,Windermere
Green Meadows,Tujunga,,,,,Humboldt Park,West Lawn,,,,,,,,,,,,,,,,Youngstown
Griffith Park,UCLA,,,,,Hyde Park,West Loop,,,,,,,,,,,,,,,,
Hancock Park,Universal City,,,,,Irving Park,West Pullman,,,,,,,,,,,,,,,,
Harbor City,University Park,,,,,Jefferson Park,West Rogers Park,,,,,,,,,,,,,,,,
Harbor Gateway,Valley Glen,,,,,Jeffery Manor,West Town,,,,,,,,,,,,,,,,
Harvard Heights,Valley Village,,,,,Kenwood,Wicker Park,,,,,,,,,,,,,,,,
Harvard Park,Van Nuys,,,,,Lakeview,Woodlawn,,,,,,,,,,,,,,,,
Hermosa Beach,Venice,,,,,Lawndale,Wrigleyville,,,,,,,,,,,,,,,,
Highland Park,Vermont Knolls,,,,,Lincoln Park,,,,,,,,,,,,,,,,,
Historic South Central,Vermont Square,,,,,Lincoln Square,,,,,,,,,,,,,,,,,
Hollywood,Vermont Vista,,,,,Little Village,,,,,,,,,,,,,,,,,
Hollywood Hills,Vermont-Slauson,,,,,Logan Square,,,,,,,,,,,,,,,,,
Hollywood Hills West,Vernon,,,,,Magnificent Mile,,,,,,,,,,,,,,,,,
Huntington Park,View Park/Windsor Hills,,,,,,,,,,,,,,,,,,,,,,
Hyde Park,Walnut Park,,,,,,,,,,,,,,,,,,,,,,
Jefferson Park,Watts,,,,,,,,,,,,,,,,,,,,,,
Koreatown,West Adams,,,,,,,,,,,,,,,,,,,,,,
Ladera Heights,West Hills,,,,,,,,,,,,,,,,,,,,,,
Lake Balboa,West Hollywood,,,,,,,,,,,,,,,,,,,,,,
Lake View Terrace,West Los Angeles,,,,,,,,,,,,,,,,,,,,,,
Larchmont,Westchester,,,,,,,,,,,,,,,,,,,,,,
Leimert Park,Westlake,,,,,,,,,,,,,,,,,,,,,,
Lincoln Heights,Westmont,,,,,,,,,,,,,,,,,,,,,,
,Westwood,,,,,,,,,,,,,,,,,,,,,,
,Wilmington,,,,,,,,,,,,,,,,,,,,,,
,Wilshire Center,,,,,,,,,,,,,,,,,,,,,,
,Windsor Square,,,,,,,,,,,,,,,,,,,,,,
,Winnetka,,,,,,,,,,,,,,,,,,,,,,
,Woodland Hills,,,,,,,,,,,,,,,,,,,,,,
,,,,,,,,,,,,,,,,,,,,,,,
,,,,,,,,,,,,,,,,,,,,,,,
,,,,,,,,,,,,,,,,,,,,,,,
,,,,,,,,,,,,,,,,,,,,,,,
,,,,,,,,,,,,,,,,,,,,,,,
,,,,,,,,,,,,,,,,,,,,,,,
,,,,,,,,,,,,,,,,,,,,,,,
,,,,,,,,,,,,,,,,,,,,,,,
,,,,,,,,,,,,,,,,,,,,,,,
,,,,,,,,,,,,,,,,,,,,,,,
,,,,,,,,,,,,,,,,,,,,,,,
,,,,,,,,,,,,,,,,,,,,,,,
,,,,,,,,,,,,,,,,,,,,,,,
,,,,,,,,,,,,,,,,,,,,,,,
,,,,,,,,,,,,,,,,,,,,,,,
,,,,,,,,,,,,,,,,,,,,,,,
,,,,,,,,,,,,,,,,,,,,,,,
,,,,,,,,,,,,,,,,,,,,,,,
,,,,,,,,,,,,,,,,,,,,,,,
,,,,,,,,,,,,,,,,,,,,,,,
,,,,,,,,,,,,,,,,,,,,,,,
,,,,,,,,,,,,,,,,,,,,,,,
,,,,,,,,,,,,,,,,,,,,,,,
,,,,,,,,,,,,,,,,,,,,,,,
,,,,,,,,,,,,,,,,,,,,,,,
,,,,,,,,,,,,,,,,,,,,,,,
,,,,,,,,,,,,,,,,,,,,,,,
,,,,,,,,,,,,,,,,,,,,,,,
,,,,,,,,,,,,,,,,,,,,,,,
,,,,,,,,,,,,,,,,,,,,,,,
,,,,,,,,,,,,,,,,,,,,,,,
,,,,,,,,,,,,,,,,,,,,,,,
,,,,,,,,,,,,,,,,,,,,,,,
,,,,,,,,,,,,,,,,,,,,,,,
,,,,,,,,,,,,,,,,,,,,,,,
,,,,,,,,,,,,,,,,,,,,,,,
,,,,,,,,,,,,,,,,,,,,,,,
,,,,,,,,,,,,,,,,,,,,,,,
,,,,,,,,,,,,,,,,,,,,,,,
,,,,,,,,,,,,,,,,,,,,,,,
,,,,,,,,,,,,,,,,,,,,,,,
,,,,,,,,,,,,,,,,,,,,,,,
,,,,,,,,,,,,,,,,,,,,,,,
,,,,,,,,,,,,,,,,,,,,,,,
,,,,,,,,,,,,,,,,,,,,,,,
,,,,,,,,,,,,,,,,,,,,,,,
,,,,,,,,,,,,,,,,,,,,,,,
,,,,,,,,,,,,,,,,,,,,,,,
,,,,,,,,,,,,,,,,,,,,,,,
,,,,,,,,,,,,,,,,,,,,,,,
,,,,,,,,,,,,,,,,,,,,,,,
,,,,,,,,,,,,,,,,,,,,,,,
,,,,,,,,,,,,,,,,,,,,,,,
,,,,,,,,,,,,,,,,,,,,,,,
,,,,,,,,,,,,,,,,,,,,,,,
,,,,,,,,,,,,,,,,,,,,,,,
,,,,,,,,,,,,,,,,,,,,,,,
,,,,,,,,,,,,,,,,,,,,,,,
,,,,,,,,,,,,,,,,,,,,,,,
,,,,,,,,,,,,,,,,,,,,,,,
,,,,,,,,,,,,,,,,,,,,,,,
,,,,,,,,,,,,,,,,,,,,,,,
,,,,,,,,,,,,,,,,,,,,,,,
,,,,,,,,,,,,,,,,,,,,,,,
,,,,,,,,,,,,,,,,,,,,,,,
,,,,,,,,,,,,,,,,,,,,,,,
,,,,,,,,,,,,,,,,,,,,,,,
,,,,,,,,,,,,,,,,,,,,,,,